,Amount,Boxes Shipped,Cluster
0,707.29,89,6
1,4547.45,21,5
2,2214.13,61,9
3,1543.8,51,3
4,2309.46,46,7
5,2121.04,32,7
6,1610.13,33,7
7,3271.46,46,2
8,1663.79,42,7
9,4014.73,60,2
10,2120.81,27,7
11,3959.79,28,5
12,1562.18,14,8
13,2055.26,2,0
14,1249.56,44,3
15,806.6,63,3
16,4902.33,44,2
17,3559.27,76,4
18,3686.93,90,4
19,1794.94,54,9
20,3968.57,18,5
21,1724.91,67,9
22,357.5,87,6
23,2786.23,83,1
24,645.34,14,8
25,4135.96,68,2
26,4848.12,32,5
27,725.24,89,6
28,2609.68,31,7
29,2763.16,14,0
30,4987.12,51,2
31,4780.93,88,4
32,189.58,17,8
33,3219.71,48,2
34,216.84,86,6
35,150.53,73,6
36,4902.77,97,4
37,1162.81,4,8
38,1055.65,34,8
39,736.75,44,3
40,434.13,14,8
41,4391.94,66,2
42,4923.26,45,2
43,2623.76,50,7
44,4487.07,7,5
45,1829.52,21,0
46,2718.59,46,7
47,3366.74,78,1
48,4236.98,38,2
49,2334.63,74,9
50,3517.27,84,4
51,1121.85,88,6
52,1751.68,81,6
53,1969.67,80,1
54,4099.99,32,5
55,2396.44,83,1
56,1602.61,67,9
57,1220.82,13,8
58,2145.38,43,7
59,3857.25,95,4
60,3916.13,57,2
61,4811.67,94,4
62,4218.95,90,4
63,100.69,66,3
64,3639.39,60,2
65,2133.41,32,7
66,665.08,35,3
67,1306.49,29,8
68,4704.25,29,5
69,2326.87,65,9
70,2553.58,69,9
71,4417.09,47,2
72,2456.13,16,0
73,2434.73,48,7
74,110.24,34,3
75,3427.77,18,5
76,4412.96,26,5
77,202.0,61,3
78,4117.27,98,4
79,4511.62,54,2
80,601.96,40,3
81,4054.48,47,2
82,2152.34,64,9
83,2890.02,15,0
84,3986.52,42,2
85,3424.39,23,5
86,4785.27,75,4
87,1441.97,73,6
88,951.37,72,6
89,4298.8,20,5
90,353.51,84,6
91,4103.34,62,2
92,4814.76,95,4
93,3315.06,53,2
94,3144.62,23,0
95,3390.67,31,5
96,1878.41,67,9
97,974.75,49,3
98,2371.35,27,7
99,1972.25,61,9
100,825.79,95,6
101,3881.4,66,2
102,2553.69,11,0
103,4458.63,50,2
104,1738.72,3,0
105,965.41,19,8
106,955.61,46,3
107,1781.58,95,1
108,2176.67,77,9
109,745.95,52,3
110,1110.83,5,8
111,1309.04,62,3
112,4251.63,50,2
113,960.88,35,3
114,3053.31,100,1
115,2421.16,72,9
116,1979.16,12,0
117,4625.27,47,2
118,4829.81,85,4
119,4973.95,81,4
120,2770.84,68,9
121,4929.26,3,5
122,2581.52,98,1
123,3013.48,1,0
124,2227.61,91,1
125,2044.74,76,9
126,330.14,68,3
127,3382.77,18,5
128,1341.2,65,3
129,1724.64,86,6
130,3915.06,82,4
131,1820.25,45,7
132,3028.08,76,1
133,1722.37,14,8
134,1897.96,56,9
135,3017.54,3,0
136,1950.4,97,1
137,2132.57,100,1
138,3481.16,23,5
139,4695.76,38,2
140,2554.13,58,9
141,1782.75,38,7
142,469.42,64,3
143,3779.58,3,5
144,4182.75,37,2
145,3698.2,75,4
146,2587.5,42,7
147,397.44,18,8
148,4816.96,25,5
149,4006.78,65,2
150,1148.84,40,3
151,4573.07,97,4
152,1089.87,99,6
153,3646.22,22,5
154,4198.09,68,2
155,3416.08,100,1
156,2717.93,31,7
157,2105.6,26,7
158,528.48,41,3
159,2155.9,28,7
160,4428.29,17,5
161,1532.28,82,6
162,1972.43,71,9
163,1206.85,34,8
164,3667.0,26,5
165,1975.43,34,7
166,1268.29,42,3
167,697.37,80,6
168,1445.35,77,6
169,2096.24,24,7
170,556.13,2,8
171,3956.89,32,5
172,1756.28,56,9
173,3281.43,83,1
174,1272.84,91,6
175,3894.44,14,5
176,516.03,78,6
177,2792.78,80,1
178,4321.55,92,4
179,2032.37,40,7
180,4326.76,24,5
181,2027.88,82,1
182,2484.29,75,9
183,2632.1,57,9
184,914.16,78,6
185,4562.95,65,2
186,3183.24,45,7
187,163.63,18,8
188,3551.7,93,4
189,3606.91,32,5
190,201.38,43,3
191,995.86,19,8
192,1680.83,23,8
193,1347.99,1,8
194,1126.05,49,3
195,952.54,13,8
196,2537.84,96,1
197,172.44,54,3
198,3190.19,47,7
199,1162.49,81,6
200,1598.56,62,9
201,3705.52,74,4
202,1684.35,97,1
203,4422.05,90,4
204,2128.95,89,1
205,4942.79,92,4
206,4549.11,89,4
207,1896.0,25,7
208,1087.46,7,8
209,448.03,8,8
210,382.23,44,3
211,618.25,43,3
212,2277.31,88,1
213,556.84,74,6
214,1540.36,13,8
215,3822.6,94,4
216,4776.43,90,4
217,2327.81,82,1
218,2858.06,61,9
219,2085.13,65,9
220,2964.57,14,0
221,456.6,61,3
222,3757.26,14,5
223,4090.38,17,5
224,2297.36,20,0
225,4248.71,8,5
226,4460.54,27,5
227,277.32,57,3
228,841.11,98,6
229,3855.87,34,5
230,1617.59,48,3
231,3210.35,57,9
232,2195.89,9,0
233,2042.08,45,7
234,2443.05,47,7
235,3894.78,91,4
236,963.42,70,6
237,1573.09,79,6
238,2326.98,70,9
239,994.69,40,3
240,481.83,21,8
241,280.99,28,8
242,3494.35,58,2
243,3144.4,75,1
244,4653.38,25,5
245,2640.75,69,9
246,4878.71,51,2
247,3552.73,8,5
248,3430.01,59,2
249,3305.86,17,0
250,4639.02,81,4
251,1006.22,25,8
252,4063.49,90,4
253,3780.92,9,5
254,3471.2,20,5
255,1571.58,22,8
256,1780.28,99,1
257,841.23,54,3
258,3655.79,33,5
259,3651.42,12,5
260,1193.96,85,6
261,1604.78,99,6
262,4775.13,42,2
263,2612.74,17,0
264,2743.21,77,1
265,810.02,44,3
266,4413.75,27,5
267,790.4,78,6
268,1448.17,85,6
269,4988.92,36,2
270,2224.58,75,9
271,4741.58,57,2
272,118.5,25,8
273,3168.25,24,0
274,2992.58,25,7
275,1548.6,97,6
276,4972.97,47,2
277,756.16,72,6
278,1847.41,54,9
279,4575.3,29,5
280,483.52,93,6
281,1609.77,60,9
282,4478.78,36,2
283,4297.03,4,5
284,2660.34,92,1
285,4327.57,71,4
286,1912.71,79,9
287,612.47,75,6
288,4914.71,55,2
289,3785.95,10,5
290,4005.18,3,5
291,2456.79,97,1
292,1672.36,10,8
293,4839.48,41,2
294,4126.9,56,2
295,3558.29,36,2
296,4578.41,83,4
297,4534.58,95,4
298,2025.79,100,1
299,3784.49,65,2
300,1464.1,41,3
301,2400.01,4,0
302,1610.41,90,6
303,752.08,14,8
304,2476.72,100,1
305,3584.34,36,2
306,3727.14,13,5
307,1749.62,35,7
308,3931.97,8,5
309,835.82,65,3
310,2351.89,30,7
311,3168.94,24,0
312,2228.34,100,1
313,1210.88,5,8
314,3742.5,6,5
315,3512.99,54,2
316,3157.81,88,1
317,1447.61,68,9
318,3988.14,21,5
319,1393.59,63,3
320,691.85,100,6
321,2753.0,27,7
322,1350.73,4,8
323,4488.23,9,5
324,1046.76,32,8
325,3837.88,77,4
326,3655.75,79,4
327,1363.37,95,6
328,1628.68,65,9
329,359.19,100,6
330,2272.66,21,0
331,139.23,29,8
332,2306.36,24,7
333,189.38,32,8
334,3530.45,93,4
335,4801.41,16,5
336,2871.78,26,7
337,3682.68,89,4
338,2193.2,2,0
339,4895.69,93,4
340,3900.8,14,5
341,4553.42,77,4
342,3412.79,86,1
343,3876.72,94,4
344,4184.7,100,4
345,3312.34,38,7
346,3530.36,18,5
347,4006.72,28,5
348,789.81,75,6
349,3148.51,81,1
350,2755.33,69,9
351,3739.68,63,2
352,587.97,82,6
353,4772.11,74,4
354,2507.03,46,7
355,1775.96,83,1
356,2237.76,88,1
357,4907.3,93,4
358,1817.77,76,9
359,2245.83,75,9
360,3451.57,44,2
361,3600.89,97,4
362,3946.29,17,5
363,4721.19,17,5
364,3913.27,45,2
365,2530.01,8,0
366,4032.46,5,5
367,4909.0,79,4
368,3718.67,52,2
369,293.17,63,3
370,1588.26,64,9
371,438.29,46,3
372,4532.44,44,2
373,973.45,21,8
374,1705.65,12,8
375,2649.15,49,7
376,3524.67,83,4
377,4134.05,97,4
378,135.77,73,6
379,2868.86,55,9
380,4725.29,60,2
381,2504.03,94,1
382,2304.71,40,7
383,3156.11,100,1
384,2840.14,98,1
385,209.82,24,8
386,4377.26,76,4
387,4860.7,42,2
388,2363.61,26,7
389,4177.39,59,2
390,4476.15,80,4
391,3722.91,3,5
392,197.55,21,8
393,460.93,25,8
394,1053.89,26,8
395,819.05,31,8
396,1556.22,69,9
397,578.45,3,8
398,2646.66,2,0
399,117.05,94,6
400,2207.65,30,7
401,4334.6,80,4
402,3644.61,69,2
403,2359.11,76,9
404,1258.25,4,8
405,3980.8,45,2
406,3990.72,70,4
407,1439.39,8,8
408,737.37,41,3
409,1853.83,54,9
410,4224.79,82,4
411,1960.88,82,1
412,1347.13,24,8
413,4502.79,64,2
414,744.86,80,6
415,1281.28,12,8
416,2000.93,71,9
417,1696.37,51,9
418,363.07,66,3
419,939.96,31,8
420,737.76,14,8
421,1807.21,24,7
422,519.46,92,6
423,4737.62,4,5
424,2766.29,78,1
425,2218.54,32,7
426,1432.33,9,8
427,4809.77,69,4
428,996.27,24,8
429,2045.7,63,9
430,100.06,6,8
431,4274.15,73,4
432,621.18,70,6
433,1094.18,74,6
434,3141.81,14,0
435,1295.53,62,3
436,4526.4,64,2
437,2372.81,45,7
438,4732.09,81,4
439,2241.32,28,7
440,2134.74,6,0
441,205.55,10,8
442,1309.63,84,6
443,2147.45,29,7
444,359.0,50,3
445,2981.35,72,9
446,1374.03,74,6
447,3066.93,68,9
448,2301.37,15,0
449,3617.92,16,5
450,1408.75,40,3
451,844.05,69,6
452,1507.51,93,6
453,4772.99,55,2
454,2198.33,39,7
455,2876.05,69,9
456,3822.97,11,5
457,861.35,57,3
458,4143.77,76,4
459,2447.72,2,0
460,1698.44,10,8
461,4946.13,93,4
462,617.57,86,6
463,829.63,82,6
464,2718.1,76,1
465,1413.73,31,8
466,3754.63,22,5
467,211.55,87,6
468,4451.83,49,2
469,659.27,70,6
470,184.25,61,3
471,2712.74,38,7
472,143.86,78,6
473,1675.07,8,8
474,2193.14,85,1
475,1977.63,9,0
476,2879.0,3,0
477,951.92,58,3
478,547.01,79,6
479,605.81,67,3
480,2964.72,59,9
481,2669.23,32,7
482,383.62,16,8
483,1668.14,65,9
484,567.95,97,6
485,360.27,29,8
486,1924.26,22,7
487,4081.61,70,4
488,4641.61,44,2
489,4733.25,38,2
490,3049.97,13,0
491,2499.87,4,0
492,4394.88,52,2
493,2351.96,34,7
494,509.32,19,8
495,3717.82,15,5
496,3375.35,7,0
497,3644.39,2,5
498,3476.27,95,1
499,4629.45,81,4
500,1970.44,63,9
501,2061.82,27,7
502,156.85,17,8
503,2627.89,89,1
504,4505.87,89,4
505,1881.63,75,9
506,2388.82,30,7
507,4081.73,66,2
508,305.79,91,6
509,457.62,34,3
510,1932.89,94,1
511,871.42,15,8
512,554.99,96,6
513,795.46,4,8
514,927.2,75,6
515,3806.84,93,4
516,4904.57,87,4
517,2675.87,97,1
518,2970.2,96,1
519,4861.65,16,5
520,2670.47,91,1
521,4891.04,75,4
522,4535.54,23,5
523,138.98,27,8
524,2825.81,78,1
525,2539.87,31,7
526,3765.37,16,5
527,3683.86,68,2
528,2259.23,54,9
529,3239.1,74,1
530,4853.79,98,4
531,1215.59,60,3
532,4316.12,73,4
533,718.93,85,6
534,3653.98,38,2
535,4790.4,73,4
536,2220.73,93,1
537,3731.18,76,4
538,3340.32,95,1
539,566.5,25,8
540,1351.87,34,8
541,4885.36,8,5
542,3698.54,32,5
543,2039.1,46,7
544,2899.71,82,1
545,4297.67,53,2
546,2952.1,26,7
547,483.76,25,8
548,4253.89,62,2
549,2806.81,76,1
550,473.73,39,3
551,2858.04,22,0
552,4942.03,40,2
553,4368.26,18,5
554,1006.38,95,6
555,3909.27,31,5
556,3721.99,29,5
557,535.99,42,3
558,4182.97,4,5
559,3942.64,97,4
560,2422.78,39,7
561,2468.1,76,9
562,2844.38,39,7
563,1359.41,3,8
564,4956.47,32,5
565,4240.83,94,4
566,3705.81,27,5
567,4512.97,51,2
568,4161.37,13,5
569,730.28,92,6
570,1334.21,10,8
571,3063.38,23,0
572,2685.93,21,0
573,3451.94,24,5
574,1874.28,93,1
575,1871.77,82,1
576,4292.44,33,5
577,4926.94,79,4
578,2678.08,40,7
579,4742.65,39,2
580,1474.41,98,6
581,1056.15,32,8
582,4761.25,12,5
583,524.88,91,6
584,1355.87,85,6
585,4515.8,6,5
586,4097.02,62,2
587,261.54,6,8
588,1460.71,52,3
589,616.49,46,3
590,2174.36,93,1
591,3139.95,14,0
592,4113.74,43,2
593,4752.68,58,2
594,4842.47,39,2
595,1727.34,78,9
596,915.7,39,3
597,4303.22,48,2
598,2422.27,68,9
599,3313.98,38,7
600,465.98,97,6
601,4438.21,18,5
602,254.96,36,3
603,423.62,1,8
604,1693.55,31,7
605,4942.43,65,2
606,2433.6,100,1
607,3178.38,91,1
608,1619.7,42,7
609,1706.83,3,0
610,1908.76,12,0
611,3652.53,21,5
612,4204.46,4,5
613,1435.64,76,6
614,2693.11,50,7
615,3047.11,30,7
616,686.89,19,8
617,1213.28,61,3
618,2408.24,78,1
619,775.32,89,6
620,3520.83,35,5
621,4838.95,24,5
622,760.65,62,3
623,861.34,45,3
624,4037.58,92,4
625,2559.64,62,9
626,294.88,99,6
627,4121.71,10,5
628,448.04,14,8
629,4053.35,19,5
630,2873.04,33,7
631,154.56,64,3
632,3516.36,21,5
633,4598.59,82,4
634,1669.57,55,9
635,4460.86,75,4
636,1830.96,84,1
637,2973.54,60,9
638,3811.05,29,5
639,2180.88,73,9
640,2198.18,38,7
641,1546.94,10,8
642,810.1,71,6
643,4368.86,27,5
644,805.29,27,8
645,3179.45,40,7
646,1496.71,79,6
647,1556.35,61,9
648,479.11,72,6
649,4851.45,83,4
650,3740.96,97,4
651,2504.38,11,0
652,2789.11,44,7
653,1968.67,62,9
654,996.59,44,3
655,2108.87,4,0
656,1903.2,14,0
657,735.72,79,6
658,4798.81,74,4
659,514.64,76,6
660,791.17,82,6
661,4669.91,40,2
662,2040.65,13,0
663,1696.87,81,6
664,3818.03,78,4
665,1557.58,59,9
666,4872.81,56,2
667,2911.39,34,7
668,2572.69,35,7
669,987.65,8,8
670,1227.72,8,8
671,229.34,64,3
672,3497.95,53,2
673,755.43,47,3
674,3885.06,86,4
675,2139.73,64,9
676,596.26,87,6
677,1641.44,59,9
678,2500.5,6,0
679,4756.43,43,2
680,1922.35,89,1
681,1073.18,96,6
682,1170.28,67,3
683,4891.79,33,5
684,1941.57,52,9
685,4368.81,77,4
686,1395.8,81,6
687,307.97,60,3
688,1041.7,19,8
689,1415.09,78,6
690,2332.17,82,1
691,2685.85,74,9
692,1418.49,27,8
693,3257.52,75,1
694,4130.78,59,2
695,548.46,78,6
696,1016.68,50,3
697,1169.31,52,3
698,117.05,13,8
699,4107.72,82,4
700,1346.11,94,6
701,776.28,6,8
702,901.47,88,6
703,1362.63,72,6
704,509.53,90,6
705,2013.1,12,0
706,4915.4,32,5
707,2588.93,35,7
708,3767.92,95,4
709,218.66,5,8
710,3214.14,55,2
711,3698.13,97,4
712,4142.74,89,4
713,4742.75,74,4
714,3570.34,72,4
715,382.57,28,8
716,783.89,85,6
717,547.04,93,6
718,234.51,47,3
719,4633.62,22,5
720,570.72,17,8
721,2205.5,89,1
722,4223.0,79,4
723,120.79,62,3
724,2206.38,56,9
725,1965.79,82,1
726,901.81,55,3
727,4193.79,23,5
728,4155.55,91,4
729,2227.29,40,7
730,3692.74,75,4
731,3101.28,84,1
732,1716.02,93,1
733,4749.08,31,5
734,4039.32,31,5
735,1849.95,33,7
736,2617.1,28,7
737,3936.66,65,2
738,401.98,63,3
739,4633.38,85,4
740,1023.29,62,3
741,3358.4,8,0
742,2002.56,71,9
743,2539.58,43,7
744,4215.54,20,5
745,617.28,83,6
746,4949.62,43,2
747,1162.5,99,6
748,1224.48,2,8
749,3088.09,53,9
750,2536.5,16,0
751,1605.7,44,7
752,911.17,80,6
753,4020.17,98,4
754,1018.33,8,8
755,556.72,11,8
756,157.54,49,3
757,3250.78,59,2
758,3597.27,99,4
759,592.55,55,3
760,2774.4,18,0
761,933.36,65,3
762,593.14,57,3
763,4003.76,54,2
764,4387.19,24,5
765,3035.59,62,9
766,3810.99,53,2
767,1446.69,16,8
768,2554.3,41,7
769,614.05,79,6
770,1338.06,12,8
771,2693.8,1,0
772,955.8,79,6
773,4728.55,20,5
774,1900.14,64,9
775,4153.95,12,5
776,917.3,49,3
777,4968.16,88,4
778,3746.11,46,2
779,1416.9,63,3
780,1710.07,44,7
781,4232.56,79,4
782,1142.26,99,6
783,543.42,91,6
784,1511.17,51,3
785,3873.8,49,2
786,3785.84,24,5
787,2002.71,56,9
788,4788.01,3,5
789,3027.38,31,7
790,610.09,91,6
791,1401.05,12,8
792,4238.23,96,4
793,2578.37,12,0
794,4634.53,59,2
795,2571.21,93,1
796,2086.63,6,0
797,2020.66,35,7
798,4379.78,56,2
799,3506.75,88,4
800,827.88,14,8
801,1283.25,62,3
802,3027.85,96,1
803,804.17,44,3
804,487.44,76,6
805,755.36,20,8
806,4808.08,87,4
807,910.57,56,3
808,2838.82,25,7
809,2765.3,9,0
810,1682.08,27,7
811,206.01,51,3
812,828.66,34,8
813,288.44,64,3
814,1523.41,71,9
815,961.33,85,6
816,4962.44,23,5
817,4794.68,51,2
818,4161.17,23,5
819,2018.41,72,9
820,3475.32,59,2
821,2218.42,39,7
822,3665.33,90,4
823,1123.34,30,8
824,4821.93,94,4
825,172.28,50,3
826,3442.45,5,0
827,860.79,3,8
828,3790.69,57,2
829,3005.46,23,0
830,633.19,67,3
831,4681.04,8,5
832,3134.0,5,0
833,3759.19,2,5
834,3187.82,5,0
835,2283.88,61,9
836,649.97,73,6
837,2449.89,71,9
838,183.31,98,6
839,3589.02,59,2
840,3435.49,46,2
841,3159.17,4,0
842,1074.42,83,6
843,4089.54,76,4
844,4370.02,12,5
845,564.19,55,3
846,4591.36,34,5
847,3328.49,75,1
848,967.99,87,6
849,160.84,70,6
850,2588.07,50,7
851,1309.32,31,8
852,4666.71,100,4
853,4974.83,57,2
854,3350.47,6,0
855,915.0,25,8
856,4104.46,24,5
857,3936.82,19,5
858,3272.08,41,7
859,1151.92,95,6
860,2733.61,79,1
861,3091.31,95,1
862,2529.8,97,1
863,3440.23,22,5
864,2822.44,54,9
865,3999.66,77,4
866,3737.74,51,2
867,3507.97,59,2
868,1227.86,5,8
869,2876.37,73,9
870,3815.53,47,2
871,2266.64,2,0
872,4901.61,88,4
873,737.25,91,6
874,2991.78,88,1
875,1732.12,39,7
876,340.45,49,3
877,4337.6,30,5
878,2425.93,29,7
879,343.45,10,8
880,1863.22,30,7
881,1170.94,71,6
882,2890.09,38,7
883,264.33,55,3
884,4946.39,48,2
885,1936.66,59,9
886,1146.59,11,8
887,2134.58,10,0
888,2064.18,97,1
889,3301.7,59,2
890,4650.83,66,2
891,2531.56,51,9
892,1599.24,11,8
893,3121.27,95,1
894,3606.66,9,5
895,3030.9,57,9
896,1379.52,10,8
897,601.96,46,3
898,4337.45,20,5
899,4428.88,86,4
900,1633.65,80,6
901,4858.67,58,2
902,2316.14,30,7
903,849.4,40,3
904,3355.98,97,1
905,4641.85,30,5
906,1288.66,84,6
907,2771.16,63,9
908,4794.6,92,4
909,4520.79,61,2
910,4247.03,11,5
911,3913.64,60,2
912,1875.25,39,7
913,3108.4,83,1
914,2424.34,64,9
915,1840.72,99,1
916,4511.61,32,5
917,1495.42,25,8
918,1883.14,12,0
919,235.5,48,3
920,696.61,37,3
921,3937.32,56,2
922,2246.64,51,9
923,2672.66,7,0
924,4483.6,66,2
925,1189.48,98,6
926,333.46,87,6
927,4855.75,99,4
928,1035.54,12,8
929,2064.52,45,7
930,3642.92,14,5
931,3269.8,15,0
932,2904.28,88,1
933,4049.86,61,2
934,2599.19,12,0
935,2182.33,92,1
936,2744.25,85,1
937,3423.12,7,0
938,1497.85,90,6
939,1177.92,44,3
940,1088.22,75,6
941,4374.65,100,4
942,3590.79,25,5
943,2324.23,59,9
944,315.19,94,6
945,1307.02,13,8
946,4825.26,73,4
947,4784.09,37,2
948,1550.11,26,8
949,4099.66,79,4
950,761.99,99,6
951,3705.9,40,2
952,4823.63,51,2
953,2562.42,20,0
954,1501.73,46,3
955,4907.78,95,4
956,1936.28,93,1
957,1990.52,28,7
958,609.67,96,6
959,4615.03,67,2
960,527.69,14,8
961,2169.0,20,0
962,1469.0,23,8
963,854.13,6,8
964,4648.78,93,4
965,1012.9,61,3
966,980.89,23,8
967,3342.86,60,2
968,1118.7,34,8
969,1638.79,57,9
970,2178.47,11,0
971,3347.08,39,7
972,1603.73,48,3
973,363.13,88,6
974,912.24,53,3
975,2004.75,35,7
976,4531.48,88,4
977,4552.51,93,4
978,3847.57,47,2
979,1282.85,13,8
980,4466.37,6,5
981,2344.67,98,1
982,1646.17,75,9
983,2277.37,80,1
984,2848.64,95,1
985,4745.75,84,4
986,1137.61,99,6
987,4530.17,44,2
988,1550.67,35,7
989,935.85,61,3
990,3922.76,75,4
991,124.49,72,6
992,2182.33,40,7
993,4908.9,75,4
994,3803.09,55,2
995,2154.07,80,1
996,4241.37,71,4
997,1496.82,30,8
998,1363.61,92,6
999,588.31,50,3
1000,878.19,58,3
1001,3623.78,23,5
1002,1230.37,60,3
1003,4488.7,77,4
1004,4305.8,27,5
1005,4321.64,35,5
1006,2222.83,2,0
1007,360.11,38,3
1008,3576.19,5,5
1009,292.17,86,6
1010,3783.59,61,2
1011,1806.64,25,7
1012,475.46,47,3
1013,4638.61,78,4
1014,2334.13,13,0
1015,3798.0,34,5
1016,4536.32,74,4
1017,3519.77,47,2
1018,2503.2,72,9
1019,4698.1,6,5
1020,4848.91,49,2
1021,371.62,68,3
1022,505.08,23,8
1023,2395.98,85,1
1024,3716.82,20,5
1025,1566.98,88,6
1026,4079.32,57,2
1027,495.68,63,3
1028,2912.23,89,1
1029,318.2,65,3
1030,1924.01,37,7
1031,2046.05,68,9
1032,1327.02,76,6
1033,341.7,15,8
1034,1335.7,58,3
1035,625.31,66,3
1036,3845.52,94,4
1037,1592.02,41,7
1038,4537.61,49,2
1039,2014.51,87,1
1040,3247.32,92,1
1041,4505.34,71,4
1042,3315.91,41,7
1043,2474.59,97,1
1044,3786.36,25,5
1045,1795.19,50,9
1046,1772.46,36,7
1047,843.49,89,6
1048,2218.53,40,7
1049,534.18,97,6
1050,592.22,32,8
1051,2577.43,62,9
1052,3393.47,92,1
1053,4503.8,18,5
1054,4134.21,95,4
1055,2920.87,29,7
1056,4458.03,61,2
1057,281.12,7,8
1058,489.83,69,6
1059,1600.67,83,6
1060,1258.27,84,6
1061,4517.89,76,4
1062,286.33,82,6
1063,4150.65,1,5
1064,3758.06,21,5
1065,4686.81,16,5
1066,4671.25,45,2
1067,1305.86,2,8
1068,3662.54,24,5
1069,2303.42,18,0
1070,2604.69,76,1
1071,2240.52,37,7
1072,3651.28,25,5
1073,2522.27,72,9
1074,3060.33,64,9
1075,4635.3,20,5
1076,4991.31,23,5
1077,2684.41,43,7
1078,3190.11,94,1
1079,1591.86,22,8
1080,4180.28,37,2
1081,1889.78,23,7
1082,1655.84,36,7
1083,412.68,59,3
1084,1203.99,87,6
1085,2886.96,73,9
1086,4645.27,2,5
1087,1847.15,98,1
1088,270.79,74,6
1089,1491.34,74,6
1090,2481.52,66,9
1091,1592.74,16,8
1092,3168.5,80,1
1093,189.17,30,8
1094,515.47,29,8
1095,4845.07,86,4
1096,3206.79,5,0
1097,3367.11,84,1
1098,2400.97,49,7
1099,253.83,82,6
1100,3583.04,6,5
1101,1992.25,83,1
1102,1023.52,18,8
1103,2750.23,42,7
1104,3885.48,64,2
1105,2221.76,78,1
1106,2330.15,16,0
1107,276.06,38,3
1108,621.25,61,3
1109,553.36,57,3
1110,2348.03,46,7
1111,3811.86,5,5
1112,1706.94,28,7
1113,725.13,41,3
1114,2386.88,41,7
1115,2055.46,44,7
1116,4149.25,2,5
1117,4365.63,30,5
1118,3007.25,4,0
1119,3944.11,70,4
1120,4292.27,78,4
1121,4594.33,11,5
1122,3801.76,94,4
1123,729.96,6,8
1124,1998.5,39,7
1125,4075.65,50,2
1126,2253.03,78,1
1127,4963.48,46,2
1128,3341.86,22,5
1129,622.07,54,3
1130,2753.36,56,9
1131,1141.15,30,8
1132,586.58,47,3
1133,1336.43,72,6
1134,3171.9,78,1
1135,4310.89,57,2
1136,3325.26,80,1
1137,1823.0,86,1
1138,308.77,56,3
1139,3424.94,80,4
1140,2470.05,73,9
1141,3613.89,65,2
1142,169.59,15,8
1143,2015.78,92,1
1144,4395.69,100,4
1145,2184.09,16,0
1146,2513.67,68,9
1147,989.01,51,3
1148,2548.72,43,7
1149,3027.76,41,7
1150,2751.9,60,9
1151,1249.91,10,8
1152,3331.93,84,1
1153,4058.89,40,2
1154,4965.59,54,2
1155,4100.95,28,5
1156,4179.31,34,5
1157,3071.78,93,1
1158,405.45,2,8
1159,1282.48,25,8
1160,3931.18,15,5
1161,4293.81,42,2
1162,3082.89,39,7
1163,1688.32,88,6
1164,1672.88,98,1
1165,894.17,84,6
1166,1747.86,47,7
1167,1632.33,52,3
1168,941.91,79,6
1169,3495.09,94,4
1170,1647.7,40,7
1171,3521.79,42,2
1172,3659.56,7,5
1173,3379.54,63,2
1174,2471.23,98,1
1175,1317.65,43,3
1176,4623.11,24,5
1177,905.24,2,8
1178,1485.31,70,9
1179,3707.89,39,2
1180,3166.43,93,1
1181,1699.18,17,8
1182,278.31,93,6
1183,882.65,30,8
1184,1086.28,5,8
1185,2024.22,84,1
1186,4893.91,27,5
1187,716.89,100,6
1188,1724.38,2,0
1189,4355.22,98,4
1190,3757.45,49,2
1191,638.77,70,6
1192,4774.14,33,5
1193,1156.48,81,6
1194,135.71,3,8
1195,1616.2,87,6
1196,963.04,53,3
1197,3368.62,16,0
1198,1000.32,26,8
1199,4700.02,44,2
1200,1151.71,38,3
1201,4165.15,62,2
1202,587.84,88,6
1203,1075.64,18,8
1204,1099.28,71,6
1205,4612.71,86,4
1206,4460.01,8,5
1207,2641.48,14,0
1208,763.93,17,8
1209,375.36,28,8
1210,538.95,93,6
1211,3227.15,18,0
1212,4084.71,25,5
1213,2450.14,15,0
1214,3346.79,12,0
1215,1607.17,45,3
1216,3975.89,27,5
1217,2150.82,45,7
1218,2430.2,53,9
1219,436.1,16,8
1220,3856.64,43,2
1221,409.65,8,8
1222,238.53,100,6
1223,4184.33,56,2
1224,3361.76,95,1
1225,1789.33,24,7
1226,3679.9,53,2
1227,2039.6,56,9
1228,4672.57,30,5
1229,349.3,69,6
1230,4308.19,46,2
1231,4883.17,60,2
1232,2649.13,33,7
1233,4409.58,15,5
1234,4891.19,63,2
1235,460.34,82,6
1236,1946.09,65,9
1237,3346.9,94,1
1238,1539.23,92,6
1239,4599.61,15,5
1240,524.0,47,3
1241,417.01,72,6
1242,4219.74,87,4
1243,222.78,51,3
1244,116.61,84,6
1245,1738.03,37,7
1246,4528.25,7,5
1247,1691.58,31,7
1248,1665.19,38,7
1249,1727.3,5,0
1250,1701.3,61,9
1251,4663.55,40,2
1252,1571.96,7,8
1253,4415.58,85,4
1254,1951.02,8,0
1255,2662.21,55,9
1256,4044.0,57,2
1257,4459.04,2,5
1258,4355.87,51,2
1259,1219.48,45,3
1260,1512.88,74,6
1261,1968.88,56,9
1262,1033.82,78,6
1263,2446.0,62,9
1264,4831.91,23,5
1265,3068.74,41,7
1266,2330.86,71,9
1267,1212.29,92,6
1268,4666.69,92,4
1269,4770.38,5,5
1270,3915.84,78,4
1271,2389.99,52,9
1272,4649.91,55,2
1273,1336.07,47,3
1274,712.05,21,8
1275,3114.91,1,0
1276,2595.33,40,7
1277,2398.18,41,7
1278,4855.47,23,5
1279,3258.97,92,1
1280,505.66,73,6
1281,675.45,21,8
1282,3970.57,33,5
1283,3152.22,35,7
1284,1111.95,16,8
1285,2092.24,64,9
1286,1166.56,73,6
1287,1637.98,100,6
1288,1915.02,31,7
1289,4788.38,3,5
1290,1133.61,57,3
1291,243.95,45,3
1292,4443.4,44,2
1293,3212.92,80,1
1294,1802.48,26,7
1295,593.6,94,6
1296,249.19,29,8
1297,2005.24,30,7
1298,1442.81,18,8
1299,2353.38,69,9
1300,3622.52,20,5
1301,2467.53,85,1
1302,4450.45,83,4
1303,2587.57,18,0
1304,1009.6,32,8
1305,3395.15,54,2
1306,3738.07,14,5
1307,3669.49,93,4
1308,3685.59,88,4
1309,2656.48,83,1
1310,1258.09,96,6
1311,1347.89,16,8
1312,2705.67,25,7
1313,2137.62,71,9
1314,2189.23,51,9
1315,1994.12,4,0
1316,4426.33,14,5
1317,4984.63,38,2
1318,1942.47,46,7
1319,574.45,4,8
1320,864.87,3,8
1321,2548.75,75,9
1322,4730.09,5,5
1323,4065.23,79,4
1324,2752.63,44,7
1325,2977.66,40,7
1326,2424.05,74,9
1327,4180.4,64,2
1328,3226.04,30,7
1329,4418.85,34,5
1330,2279.94,97,1
1331,3419.98,61,2
1332,4826.15,64,2
1333,119.16,50,3
1334,4841.72,7,5
1335,2054.32,78,9
1336,4829.4,90,4
1337,644.99,76,6
1338,2295.14,66,9
1339,1133.61,95,6
1340,1394.34,20,8
1341,505.05,76,6
1342,1154.28,53,3
1343,2610.25,4,0
1344,4818.32,81,4
1345,1591.14,94,6
1346,174.64,51,3
1347,3549.12,32,5
1348,4596.23,51,2
1349,1857.69,56,9
1350,3012.25,45,7
1351,3980.9,31,5
1352,4677.31,78,4
1353,2774.37,93,1
1354,1202.34,40,3
1355,2880.1,74,9
1356,3344.77,99,1
1357,3191.72,66,9
1358,336.07,70,6
1359,2042.71,47,7
1360,243.13,74,6
1361,2466.68,84,1
1362,914.79,40,3
1363,3233.17,27,7
1364,4393.23,1,5
1365,714.53,59,3
1366,1899.76,48,7
1367,4600.59,10,5
1368,1991.17,53,9
1369,1270.83,86,6
1370,4657.23,90,4
1371,1852.78,95,1
1372,2497.94,72,9
1373,2273.48,92,1
1374,2890.87,72,9
1375,412.01,74,6
1376,1176.14,73,6
1377,2414.06,65,9
1378,2446.17,29,7
1379,2051.21,29,7
1380,207.23,73,6
1381,1687.13,32,7
1382,2962.47,48,7
1383,3573.79,43,2
1384,4984.38,79,4
1385,1107.81,51,3
1386,3210.53,84,1
1387,772.76,30,8
1388,3298.56,71,9
1389,2845.86,58,9
1390,1608.6,1,8
1391,4712.14,79,4
1392,3768.08,33,5
1393,1246.64,1,8
1394,1490.06,24,8
1395,1574.11,80,6
1396,3605.45,40,2
1397,1265.92,65,3
1398,3472.02,7,0
1399,4834.2,88,4
1400,3503.85,3,0
1401,3991.68,87,4
1402,3150.6,1,0
1403,4779.37,77,4
1404,1325.13,68,6
1405,3120.99,70,9
1406,2350.01,94,1
1407,2168.94,54,9
1408,2905.98,29,7
1409,311.4,36,3
1410,1961.91,10,0
1411,2705.42,45,7
1412,2410.24,73,9
1413,3177.31,55,9
1414,2050.57,28,7
1415,759.55,28,8
1416,3033.56,8,0
1417,4018.89,68,2
1418,2547.74,72,9
1419,814.89,62,3
1420,1240.59,58,3
1421,3870.44,63,2
1422,1599.41,14,8
1423,2731.69,27,7
1424,4581.01,30,5
1425,2533.12,77,1
1426,853.08,21,8
1427,3937.36,96,4
1428,4555.01,80,4
1429,1115.54,18,8
1430,1279.06,69,6
1431,4981.33,1,5
1432,4371.72,93,4
1433,671.28,55,3
1434,3646.93,41,2
1435,2357.71,81,1
1436,902.05,75,6
1437,1010.25,61,3
1438,1028.39,94,6
1439,1481.58,42,3
1440,1654.53,89,6
1441,2205.71,36,7
1442,3881.62,35,5
1443,4430.26,100,4
1444,954.47,61,3
1445,4963.88,39,2
1446,2720.17,53,9
1447,1911.76,9,0
1448,3189.92,64,9
1449,655.04,63,3
1450,4859.8,44,2
1451,3817.29,63,2
1452,3784.62,16,5
1453,2118.12,6,0
1454,4607.91,18,5
1455,2009.35,26,7
1456,4049.47,17,5
1457,3920.63,89,4
1458,996.31,46,3
1459,3991.05,40,2
1460,3674.27,83,4
1461,4464.49,35,5
1462,3156.47,85,1
1463,1928.65,27,7
1464,4399.95,2,5
1465,1522.33,4,8
1466,3405.19,25,5
1467,3084.22,70,9
1468,2908.8,94,1
1469,907.1,87,6
1470,3215.72,79,1
1471,4043.52,96,4
1472,2665.85,74,9
1473,3945.48,43,2
1474,1817.89,3,0
1475,1942.87,64,9
1476,1270.35,19,8
1477,2912.04,9,0
1478,1316.03,26,8
1479,4002.17,39,2
1480,4012.59,82,4
1481,2909.23,45,7
1482,3248.93,41,7
1483,1869.97,18,0
1484,3751.06,14,5
1485,3917.03,56,2
1486,3323.15,64,9
1487,867.16,15,8
1488,655.62,78,6
1489,4229.67,37,2
1490,1583.75,75,6
1491,4144.96,18,5
1492,2484.35,16,0
1493,2180.37,97,1
1494,3636.67,20,5
1495,445.8,38,3
1496,457.19,99,6
1497,4368.82,20,5
1498,3862.71,47,2
1499,235.13,25,8
1500,1545.39,56,3
1501,4867.94,82,4
1502,3336.22,38,7
1503,4412.49,20,5
1504,1745.54,81,6
1505,3845.3,86,4
1506,3806.35,34,5
1507,1215.3,9,8
1508,653.91,80,6
1509,1231.61,97,6
1510,3010.71,31,7
1511,408.51,26,8
1512,4285.89,34,5
1513,1221.42,87,6
1514,4417.97,13,5
1515,2785.19,43,7
1516,2455.81,91,1
1517,1626.67,30,7
1518,700.77,55,3
1519,2561.13,29,7
1520,2290.57,51,9
1521,4916.62,58,2
1522,2405.21,43,7
1523,507.56,99,6
1524,1440.84,41,3
1525,115.11,63,3
1526,3193.66,76,1
1527,2563.45,69,9
1528,1329.47,68,6
1529,4894.87,68,4
1530,3878.31,33,5
1531,4478.46,33,5
1532,3161.52,46,7
1533,2534.14,35,7
1534,2800.82,53,9
1535,173.75,36,3
1536,4578.93,81,4
1537,2304.43,37,7
1538,714.58,35,3
1539,3276.47,63,9
1540,406.53,4,8
1541,229.89,31,8
1542,4445.35,55,2
1543,4566.76,22,5
1544,804.71,35,3
1545,495.49,25,8
1546,570.98,33,8
1547,3889.18,37,2
1548,4404.57,8,5
1549,220.69,58,3
1550,2431.83,40,7
1551,3017.92,42,7
1552,1010.94,9,8
1553,2411.6,76,9
1554,2991.94,14,0
1555,642.04,74,6
1556,2048.64,17,0
1557,4550.43,31,5
1558,3832.36,71,4
1559,3505.24,30,5
1560,4716.59,63,2
1561,4500.27,12,5
1562,588.25,15,8
1563,3207.85,84,1
1564,4674.48,41,2
1565,4020.61,52,2
1566,4454.53,99,4
1567,1677.35,52,9
1568,4766.53,90,4
1569,275.11,43,3
1570,433.13,75,6
1571,2360.85,6,0
1572,564.69,16,8
1573,2413.38,100,1
1574,316.0,86,6
1575,1014.96,33,8
1576,1329.37,78,6
1577,4402.65,81,4
1578,1197.56,11,8
1579,573.22,54,3
1580,1299.23,62,3
1581,1726.71,42,7
1582,4753.87,68,2
1583,3916.76,99,4
1584,1973.94,67,9
1585,3949.35,92,4
1586,2591.53,67,9
1587,2045.72,33,7
1588,2061.16,73,9
1589,541.37,70,6
1590,109.23,26,8
1591,1730.32,93,1
1592,172.32,91,6
1593,4465.47,41,2
1594,3574.87,75,4
1595,4290.17,77,4
1596,662.71,39,3
1597,3162.8,41,7
1598,599.09,12,8
1599,581.39,29,8
1600,3536.77,42,2
1601,4756.48,40,2
1602,953.35,26,8
1603,4883.27,89,4
1604,605.48,1,8
1605,2000.94,90,1
1606,4098.22,96,4
1607,2085.11,25,7
1608,192.89,86,6
1609,2683.41,39,7
1610,599.23,25,8
1611,2068.97,53,9
1612,158.21,17,8
1613,704.92,27,8
1614,366.81,78,6
1615,2336.88,14,0
1616,2663.06,37,7
1617,1330.21,58,3
1618,1118.88,94,6
1619,3821.0,38,2
1620,1822.81,26,7
1621,1688.89,58,9
1622,4938.67,77,4
1623,4408.54,27,5
1624,2892.35,39,7
1625,1418.53,55,3
1626,3651.77,89,4
1627,2389.01,90,1
1628,2134.48,75,9
1629,2995.18,2,0
1630,3491.19,41,2
1631,3483.95,87,4
1632,2610.53,71,9
1633,3387.36,53,2
1634,476.3,18,8
1635,4754.23,28,5
1636,1062.74,36,3
1637,1571.72,25,8
1638,4433.02,19,5
1639,1058.68,2,8
1640,2627.34,32,7
1641,299.53,72,6
1642,1162.31,64,3
1643,2592.46,1,0
1644,3164.34,1,0
1645,3066.33,44,7
1646,4620.01,51,2
1647,3129.03,82,1
1648,3159.24,66,9
1649,581.44,56,3
1650,1026.44,98,6
1651,3425.62,14,5
1652,2427.14,23,0
1653,2043.72,41,7
1654,408.34,73,6
1655,4399.01,24,5
1656,4917.12,9,5
1657,3103.64,89,1
1658,573.18,62,3
1659,2961.24,69,9
1660,3676.26,33,5
1661,4336.5,68,2
1662,3791.43,99,4
1663,3306.46,100,1
1664,2893.26,64,9
1665,3515.49,97,4
1666,2037.11,82,1
1667,972.22,45,3
1668,3817.92,25,5
1669,2011.18,56,9
1670,4782.84,18,5
1671,4186.75,77,4
1672,4272.88,67,2
1673,744.09,14,8
1674,3165.92,1,0
1675,116.59,51,3
1676,4779.8,64,2
1677,1125.3,37,3
1678,3956.22,38,2
1679,4143.53,39,2
1680,4343.79,66,2
1681,3333.3,16,0
1682,4081.9,28,5
1683,432.96,20,8
1684,4425.56,60,2
1685,4133.44,1,5
1686,490.16,40,3
1687,4980.84,73,4
1688,1237.75,59,3
1689,2973.07,90,1
1690,663.98,82,6
1691,1904.82,83,1
1692,4270.57,52,2
1693,513.92,36,3
1694,3247.28,92,1
1695,733.43,79,6
1696,3206.75,85,1
1697,1215.68,11,8
1698,4507.83,63,2
1699,1450.51,29,8
1700,1072.29,43,3
1701,585.23,44,3
1702,1810.12,12,0
1703,4811.9,62,2
1704,2189.6,7,0
1705,234.81,87,6
1706,514.1,53,3
1707,1769.52,71,9
1708,4194.16,37,2
1709,946.35,14,8
1710,2813.15,4,0
1711,3453.64,53,2
1712,2515.6,31,7
1713,3505.64,23,5
1714,4802.87,83,4
1715,3920.55,85,4
1716,4386.42,7,5
1717,3502.5,44,2
1718,396.69,5,8
1719,3692.83,85,4
1720,1656.87,20,8
1721,909.72,33,8
1722,2346.64,99,1
1723,1767.74,62,9
1724,2080.12,81,1
1725,4153.8,60,2
1726,3380.61,50,2
1727,1565.66,80,6
1728,932.01,3,8
1729,4606.65,45,2
1730,363.89,22,8
1731,4330.64,26,5
1732,3208.3,4,0
1733,2574.38,66,9
1734,3238.99,82,1
1735,3325.07,12,0
1736,2183.47,7,0
1737,323.73,99,6
1738,2367.68,60,9
1739,296.74,92,6
1740,3295.55,82,1
1741,4979.05,32,5
1742,2659.06,56,9
1743,4930.2,99,4
1744,270.59,61,3
1745,1796.51,66,9
1746,4949.65,80,4
1747,561.46,66,3
1748,3937.85,86,4
1749,1740.76,81,6
1750,2788.16,57,9
1751,4963.36,32,5
1752,3505.32,51,2
1753,4419.27,92,4
1754,533.11,39,3
1755,3522.35,79,4
1756,2498.71,84,1
1757,1533.23,13,8
1758,1780.14,4,0
1759,1628.68,73,9
1760,3535.74,33,5
1761,3245.5,65,9
1762,4780.64,19,5
1763,3306.98,94,1
1764,4060.32,97,4
1765,2895.84,36,7
1766,2303.76,62,9
1767,1053.36,55,3
1768,1141.25,31,8
1769,4072.04,80,4
1770,2350.53,63,9
1771,2506.97,14,0
1772,2766.57,14,0
1773,1118.36,9,8
1774,1525.09,18,8
1775,1635.91,18,8
1776,2205.87,38,7
1777,2416.62,96,1
1778,3326.09,84,1
1779,1860.32,30,7
1780,1243.35,55,3
1781,4572.01,45,2
1782,2701.99,65,9
1783,2839.19,9,0
1784,3071.75,30,7
1785,1043.71,44,3
1786,1830.08,90,1
1787,187.79,32,8
1788,3040.08,85,1
1789,2481.9,64,9
1790,183.12,96,6
1791,905.75,95,6
1792,4071.4,19,5
1793,1621.43,52,3
1794,276.92,2,8
1795,4564.09,49,2
1796,4535.75,65,2
1797,1955.05,46,7
1798,161.22,82,6
1799,235.24,17,8
1800,4308.56,50,2
1801,788.27,6,8
1802,1919.65,94,1
1803,3026.94,84,1
1804,321.93,56,3
1805,207.51,1,8
1806,3459.64,67,2
1807,394.38,65,3
1808,4104.68,27,5
1809,4250.1,79,4
1810,4503.69,34,5
1811,3207.39,32,7
1812,1593.65,8,8
1813,4447.17,22,5
1814,4860.36,51,2
1815,3192.39,37,7
1816,1621.4,6,8
1817,3556.69,35,5
1818,2817.56,92,1
1819,3669.18,41,2
1820,1585.33,44,3
1821,2800.46,56,9
1822,4002.6,2,5
1823,1732.46,98,1
1824,3210.63,54,2
1825,608.87,39,3
1826,927.1,42,3
1827,1637.34,62,9
1828,2655.58,23,0
1829,3404.2,56,2
1830,4452.4,48,2
1831,4178.69,14,5
1832,1590.97,96,6
1833,2866.94,25,7
1834,3107.37,19,0
1835,1970.16,96,1
1836,2869.31,23,0
1837,1260.87,63,3
1838,411.1,7,8
1839,4654.45,49,2
1840,2043.78,57,9
1841,359.84,52,3
1842,920.99,44,3
1843,1959.24,10,0
1844,4244.93,22,5
1845,104.93,68,3
1846,3269.49,51,2
1847,1540.74,20,8
1848,4125.64,91,4
1849,2705.15,6,0
1850,1697.86,75,9
1851,1172.1,7,8
1852,1747.64,97,1
1853,731.75,50,3
1854,1652.35,17,8
1855,4523.29,86,4
1856,227.18,100,6
1857,973.54,90,6
1858,1340.29,97,6
1859,1141.7,42,3
1860,258.64,29,8
1861,1166.48,55,3
1862,1539.23,76,6
1863,825.9,91,6
1864,311.17,3,8
1865,4081.1,47,2
1866,398.96,43,3
1867,1258.95,94,6
1868,147.03,63,3
1869,4945.19,40,2
1870,2626.43,99,1
1871,1907.85,67,9
1872,1021.2,89,6
1873,4030.77,89,4
1874,4730.7,98,4
1875,4848.66,29,5
1876,4365.63,24,5
1877,1458.1,88,6
1878,4122.15,96,4
1879,4064.15,94,4
1880,4890.1,15,5
1881,2430.4,69,9
1882,3708.21,60,2
1883,4344.07,91,4
1884,2083.39,86,1
1885,2968.08,65,9
1886,4987.14,71,4
1887,3908.12,96,4
1888,3760.65,44,2
1889,3934.75,36,2
1890,1066.86,5,8
1891,1345.9,34,8
1892,1963.98,62,9
1893,3295.18,97,1
1894,1707.61,46,7
1895,4749.22,100,4
1896,1808.96,72,9
1897,2120.03,12,0
1898,3613.79,93,4
1899,2651.45,49,7
1900,3864.49,44,2
1901,594.82,10,8
1902,3836.01,91,4
1903,496.53,33,8
1904,2055.02,80,1
1905,1846.48,9,0
1906,581.03,89,6
1907,140.47,71,6
1908,4366.09,43,2
1909,2442.14,25,7
1910,4537.09,85,4
1911,983.79,41,3
1912,453.16,37,3
1913,1885.38,3,0
1914,4138.33,10,5
1915,4743.71,73,4
1916,3345.41,31,7
1917,2840.63,86,1
1918,451.0,91,6
1919,2037.87,77,9
1920,4736.43,4,5
1921,4024.4,74,4
1922,935.52,33,8
1923,2834.25,23,0
1924,1009.1,26,8
1925,4007.63,20,5
1926,1499.14,93,6
1927,809.1,33,8
1928,819.81,96,6
1929,2117.71,27,7
1930,2625.73,58,9
1931,1037.8,79,6
1932,1696.64,85,6
1933,545.98,80,6
1934,2430.49,56,9
1935,1304.0,80,6
1936,4576.64,37,2
1937,921.41,28,8
1938,876.91,8,8
1939,2272.35,100,1
1940,3258.2,57,2
1941,659.99,16,8
1942,3953.8,21,5
1943,806.48,94,6
1944,1996.67,13,0
1945,3256.61,14,0
1946,1365.87,88,6
1947,2050.38,97,1
1948,1881.32,56,9
1949,1363.59,56,3
1950,3817.99,53,2
1951,1966.97,11,0
1952,3311.12,41,7
1953,4685.23,2,5
1954,4915.15,56,2
1955,1437.37,68,9
1956,134.8,95,6
1957,4152.2,44,2
1958,3674.25,62,2
1959,4860.41,22,5
1960,703.93,53,3
1961,409.98,15,8
1962,3410.83,5,0
1963,770.2,63,3
1964,2912.56,12,0
1965,2260.92,28,7
1966,2400.54,91,1
1967,743.5,67,3
1968,1021.02,65,3
1969,3643.32,11,5
1970,4617.73,25,5
1971,1894.13,54,9
1972,2136.23,77,9
1973,2444.99,16,0
1974,461.02,15,8
1975,2702.87,65,9
1976,1479.13,44,3
1977,2061.64,2,0
1978,2083.69,15,0
1979,2076.78,59,9
1980,4646.82,24,5
1981,2122.77,68,9
1982,232.85,29,8
1983,707.31,68,3
1984,4198.31,33,5
1985,2141.92,100,1
1986,2799.6,6,0
1987,2523.41,49,7
1988,4283.55,11,5
1989,4784.1,56,2
1990,3027.69,92,1
1991,4087.35,11,5
1992,2844.11,95,1
1993,879.66,11,8
1994,394.84,48,3
1995,3704.77,77,4
1996,3004.57,27,7
1997,3540.47,48,2
1998,1020.9,22,8
1999,758.17,5,8
